{"cameraMode":{"drawMode":0,"name":"Shaded","section":"Shading Mode"},"sceneLighting":true,"audioPlay":false,"sceneViewState":{"m_AlwaysRefresh":false,"showFog":true,"showSkybox":true,"showFlares":true,"showImageEffects":true,"showParticleSystems":true,"showVisualEffectGraphs":true,"m_FxEnabled":true},"in2DMode":false,"pivot":{"x":-3.074819326400757,"y":16.352222442626954,"z":12.33101749420166},"rotation":{"x":-0.0013530177529901267,"y":-0.4349769353866577,"z":-0.0006511029205285013,"w":0.9004708528518677},"size":0.36251693964004519,"orthographic":false}