{"cameraMode":{"drawMode":0,"name":"Shaded","section":"Shading Mode"},"sceneLighting":true,"audioPlay":false,"sceneViewState":{"m_AlwaysRefresh":false,"showFog":true,"showSkybox":true,"showFlares":true,"showImageEffects":true,"showParticleSystems":true,"showVisualEffectGraphs":true,"m_FxEnabled":true},"in2DMode":false,"pivot":{"x":0.33213186264038088,"y":-0.4406423568725586,"z":-4.885959625244141},"rotation":{"x":0.45813217759132388,"y":-0.1454627960920334,"z":0.07628556340932846,"w":0.8735814690589905},"size":33.91045379638672,"orthographic":false}